LineName,Resistance_pu,Inductance_pu,SendingBus,ReceivingBus
Line14,0,0.00015278874536822,1,4
Line45,0.017,0.000244037579407573,4,5
Line56,0.039,0.000450939005427037,5,6
Line36,0,0.000155441327753084,3,6
Line67,0.0119,0.000267380304394384,6,7
Line78,0.0085,0.000190985931710274,7,8
Line82,0,0.000165786399054058,8,2
Line89,0.032,0.000427065763963253,8,9
Line94,0.01,0.000225469502713518,9,4
